,A_rate,A_CH4,A_C2H6,A_C3H8,A_iC4H10,A_nC4H10,A_iC5H12,A_nC5H12,A_C6H14,B_rate
count,5807.0,4849.0,4849.0,4849.0,4849.0,4849.0,4849.0,4849.0,4849.0,5675.0
mean,59.34694799306354,0.1598903621849885,4.290738757907333,37.990405789887525,17.34316791927914,24.413896982184017,4.948636263444776,4.809804876921787,5.995740449244543,64.81720165637354
std,20.684895339788323,0.06848767627860095,0.9125653486353436,3.756424014920952,0.7543007331132748,1.274795035592977,1.2305389630896617,1.2855488588265247,1.543955837178007,10.696414414504439
min,0.0003205825432098,0.0080449543333333,0.2805243333333333,11.34574,11.143152,18.655931666666667,3.033678166666667,1.3381026666666669,2.924722333333333,0.0
25%,61.84690826131684,0.1093312,3.971011333333333,37.647968000000006,17.018271999999996,23.74666333333333,4.462670000000001,4.353102666666667,5.574106,63.85202987654321
50%,67.01014802469135,0.13992415,4.4857575,38.618186666666666,17.327199999999998,24.13864333333333,4.684908,4.619459333333334,5.708216,68.58335851851847
75%,69.7340380041152,0.2121626333333333,4.844390000000001,39.40236,17.685803333333336,24.61584333333333,5.086815666666667,4.9257704,6.032535,71.17115316872429
max,74.56039886831272,0.4714289666666666,6.418896666666666,42.860283333333335,20.3535,35.498866666666665,13.81256,14.845479999999998,30.656384666666668,89.95839012345678
